Name,Password,Address,City,State,Notes,Date
Heath,heath1234,123 Main Street,Fishers,IN,By the big tree,3/28/2023
Tevin,tevin1234,456 West Main Ave,Michigan City,IN,"Minnisoda, get it right, bra",4/1/2023
Justin,justin1234,789 East Main Blvd,Gary,IN,Where's Michael,6/1/2023
Cynthia,cynthia1234,12345 South Brooklyn,Scottsburg,IN,There are children,5/1/2023
Momma,momma1234,121 White House Dr,DC,DC,Under the big tree,4/23/2022
Heath,heath1234,812 W Wabash Ave,Warsaw,IN,Under the back porch,6/1/2022
Heath,heath1234,2468 East Washington Drive,Seattle,WA,Near the pinecone forest,5/25/2022
Cynthia,cynthia1234,9753 Brook Drive,Sellaton,IN,Near the dock,4/25/2020
Heath,heath1234,9876 Wetland Blvd,Norse,IN,Near the boat launch,04/21/2023
Debbie,debbie1234,815 Short Columbia Road,Monroe,WA,Behind the shed,03/30/2018
Heath,heath1234,1001 Wellington Circle,North Hampton,NH,Under the northside of the large cedar,04/06/2023
Debbie,debbie1234,711 E 650 N,Tulip,Montana,Top of the hill by the wood pile,03/26/2022
Debbie,debbie1234, 845 E 650 N,Tulip,Montana,On trail to pasture,03/26/2022
Justin,justin1234,902 W Morris Drive,Butler,IL,East side past the picket fence,03/30/2023
Heath,heath1234,9876 E Washington Dr,Wabash,IN,By the thing,04/13/203
Justin,justin1234,9876 E Washington Dr,Wabash,IN,By the thing,04/13/203
